-- If you are using Hibernate as the JPA provider, you can use this file to load seed data into the database using SQL statements
-- The portable approach is to use a startup component (such as the @PostConstruct method of a @Startup @Singleton) or observe a lifecycle event fired by Seam Servlet
insert into jbp_forums_instances (jbp_id, jbp_name) values ('1', 'First Forum Instance');
insert into jbp_forums_categories (jbp_id, jbp_order, jbp_title, jbp_forum_instance_id) values ('0', '10', 'Dummy demo category','1');
insert into jbp_forums_forums (jbp_id, jbp_category_id, jbp_description, jbp_name, jbp_order, jbp_topic_count, jbp_post_count, jbp_status) values ('0', '0', 'First description', 'First forum', '10', '0', '0', '0');
insert into jbp_forums_forums (jbp_id, jbp_category_id, jbp_description, jbp_name, jbp_order, jbp_topic_count, jbp_post_count, jbp_status) values ('1', '0', 'Second description', 'Second forum', '20', '0', '0', '0');
insert into acl (aclID, resource) values ('1', 'org.rubia.forums.auth.ForumsACLResource:acl://accessAdminTool');
insert into acl (aclID, resource) values ('2', 'org.rubia.forums.auth.ForumsACLResource:acl://viewCategory');
insert into acl (aclID, resource) values ('3', 'org.rubia.forums.auth.ForumsACLResource:acl://addCategory');
insert into acl (aclID, resource) values ('4', 'org.rubia.forums.auth.ForumsACLResource:acl://editCategory');
insert into acl (aclID, resource) values ('5', 'org.rubia.forums.auth.ForumsACLResource:acl://deleteCategory');
insert into acl (aclID, resource) values ('6', 'org.rubia.forums.auth.ForumsACLResource:acl://viewForum');
insert into acl (aclID, resource) values ('7', 'org.rubia.forums.auth.ForumsACLResource:acl://addForum');
insert into acl (aclID, resource) values ('8', 'org.rubia.forums.auth.ForumsACLResource:acl://editForum');
insert into acl (aclID, resource) values ('9', 'org.rubia.forums.auth.ForumsACLResource:acl://deleteForum');
insert into acl (aclID, resource) values ('10', 'org.rubia.forums.auth.ForumsACLResource:acl://lockForums');
insert into acl (aclID, resource) values ('11', 'org.rubia.forums.auth.ForumsACLResource:acl://readCategory');
insert into acl (aclID, resource) values ('12', 'org.rubia.forums.auth.ForumsACLResource:acl://readForum');
insert into acl (aclID, resource) values ('13', 'org.rubia.forums.auth.ForumsACLResource:acl://newTopic');
insert into acl (aclID, resource) values ('14', 'org.rubia.forums.auth.ForumsACLResource:acl://reply');
insert into acl (aclID, resource) values ('15', 'org.rubia.forums.auth.ForumsACLResource:acl://topicType');
insert into acl (aclID, resource) values ('16', 'org.rubia.forums.auth.ForumsACLResource:acl://editPost');
insert into acl (aclID, resource) values ('17', 'org.rubia.forums.auth.ForumsACLResource:acl://deletePost');
insert into acl (aclID, resource) values ('18', 'org.rubia.forums.auth.ForumsACLResource:acl://managePostAttachments');
insert into acl (aclID, resource) values ('19', 'org.rubia.forums.auth.ForumsACLResource:acl://votePoll');
insert into acl (aclID, resource) values ('20', 'org.rubia.forums.auth.ForumsACLResource:acl://managePoll');
insert into acl (aclID, resource) values ('21', 'org.rubia.forums.auth.ForumsACLResource:acl://moderateForum');
insert into acl (aclID, resource) values ('22', 'org.rubia.forums.auth.ForumsACLResource:acl://deleteTopics');
insert into acl (aclID, resource) values ('23', 'org.rubia.forums.auth.ForumsACLResource:acl://moveTopics');
insert into acl (aclID, resource) values ('24', 'org.rubia.forums.auth.ForumsACLResource:acl://lockTopics');
insert into acl (aclID, resource) values ('25', 'org.rubia.forums.auth.ForumsACLResource:acl://splitTopic');
insert into acl (aclID, resource) values ('26', 'org.rubia.forums.auth.ForumsACLResource:org.rubia.forums.ui.view.ViewCategory:getCategories');
insert into acl (aclID, resource) values ('27', 'org.rubia.forums.auth.ForumsACLResource:org.rubia.forums.ui.view.ViewCategory:getForums');
insert into acl (aclID, resource) values ('28', 'org.rubia.forums.auth.ForumsACLResource:org.rubia.forums.ui.view.ViewCategory:getForumImageDescriptions');
insert into acl (aclID, resource) values ('29', 'org.rubia.forums.auth.ForumsACLResource:org.rubia.forums.ui.view.ViewCategory:getForumImages');
insert into acl (aclID, resource) values ('30', 'org.rubia.forums.auth.ForumsACLResource:org.rubia.forums.ui.view.ViewCategory:getRssFeed');
insert into acl (aclID, resource) values ('31', 'org.rubia.forums.auth.ForumsACLResource:org.rubia.forums.ui.view.ViewCategory:getAtomFeed');
insert into acl (aclID, resource) values ('32', 'org.rubia.forums.auth.ForumsACLResource:org.rubia.forums.ui.view.ViewAdminPanel:getCategories');
insert into acl (aclID, resource) values ('33', 'org.rubia.forums.auth.ForumsACLResource:org.rubia.forums.ui.view.ViewAdminPanel:getForums');
insert into acl (aclID, resource) values ('34', 'org.rubia.forums.auth.ForumsACLResource:org.rubia.forums.ui.view.ViewForum:getAnnouncements');
insert into acl (aclID, resource) values ('35', 'org.rubia.forums.auth.ForumsACLResource:org.rubia.forums.ui.view.ViewForum:getStickyThreads');
insert into acl (aclID, resource) values ('36', 'org.rubia.forums.auth.ForumsACLResource:org.rubia.forums.ui.view.ViewForum:getNormalThreads');
insert into acl (aclID, resource) values ('37', 'org.rubia.forums.auth.ForumsACLResource:org.rubia.forums.ui.view.ViewForum:getTopicLastPosts');
insert into acl (aclID, resource) values ('38', 'org.rubia.forums.auth.ForumsACLResource:org.rubia.forums.ui.view.ViewForum:getRssFeed');
insert into acl (aclID, resource) values ('39', 'org.rubia.forums.auth.ForumsACLResource:org.rubia.forums.ui.view.ViewForum:getAtomFeed');
insert into acl (aclID, resource) values ('40', 'org.rubia.forums.auth.ForumsACLResource:org.rubia.forums.ui.view.ViewJumpbox:getCategories');
insert into acl (aclID, resource) values ('41', 'org.rubia.forums.auth.ForumsACLResource:org.rubia.forums.ui.view.ViewMyForumsAllSubscribed:getWatchedTopics');
insert into acl (aclID, resource) values ('42', 'org.rubia.forums.auth.ForumsACLResource:org.rubia.forums.ui.view.ViewMyForumsAllSubscribed:getTopicWatches');
insert into acl (aclID, resource) values ('43', 'org.rubia.forums.auth.ForumsACLResource:org.rubia.forums.ui.view.ViewMyForumsEditAllForums:getForumImageDescriptions');
insert into acl (aclID, resource) values ('44', 'org.rubia.forums.auth.ForumsACLResource:org.rubia.forums.ui.view.ViewMyForumsEditAllForums:getForumImages');
insert into acl (aclID, resource) values ('45', 'org.rubia.forums.auth.ForumsACLResource:org.rubia.forums.ui.view.ViewMyForumsEditAllForums:getForumsLastPosts');
insert into acl (aclID, resource) values ('46', 'org.rubia.forums.auth.ForumsACLResource:org.rubia.forums.ui.view.ViewMyForumsEditAllForums:getForumWatches');
insert into acl (aclID, resource) values ('47', 'org.rubia.forums.auth.ForumsACLResource:org.rubia.forums.ui.view.ViewMyForumsEditAllForums:getWatchedForums');
insert into acl (aclID, resource) values ('48', 'org.rubia.forums.auth.ForumsACLResource:org.rubia.forums.ui.view.ViewMyForumsMain:getWatchedTopics');
insert into acl (aclID, resource) values ('49', 'org.rubia.forums.auth.ForumsACLResource:org.rubia.forums.ui.view.ViewMyForumsMain:getWatchedForums');
insert into acl (aclID, resource) values ('50', 'org.rubia.forums.auth.ForumsACLResource:org.rubia.forums.ui.view.ViewMyForumsMain:getForumImageDescriptions');
insert into acl (aclID, resource) values ('51', 'org.rubia.forums.auth.ForumsACLResource:org.rubia.forums.ui.view.ViewMyForumsMain:getForumImages');
insert into acl (aclID, resource) values ('52', 'org.rubia.forums.auth.ForumsACLResource:org.rubia.forums.ui.view.ViewMyForumsMain:getForumsLastPosts');
insert into acl (aclID, resource) values ('53', 'org.rubia.forums.auth.ForumsACLResource:org.rubia.forums.ui.view.ViewSummary:getTopics');
insert into acl (aclID, resource) values ('54', 'org.rubia.forums.auth.ForumsACLResource:org.rubia.forums.ui.view.ViewTopic:getRssFeed');
insert into acl (aclID, resource) values ('55', 'org.rubia.forums.auth.ForumsACLResource:org.rubia.forums.ui.view.ViewTopic:getAtomFeed');
insert into acl (aclID, resource) values ('56', 'org.rubia.forums.auth.ForumsACLResource:org.rubia.forums.ui.view.ViewTopic:getTopics');
insert into acl (aclID, resource) values ('57', 'org.rubia.forums.auth.ForumsACLResource:org.rubia.forums.ui.view.ViewMyForumsBase:getTopicsLastPosts');
insert into acl (aclID, resource) values ('58', 'org.rubia.forums.auth.ForumsACLResource:org.rubia.forums.ui.view.ViewMyForumsBase:execute');
insert into acl (aclID, resource) values ('59', 'org.rubia.forums.auth.ForumsACLResource:org.rubia.forums.ui.action.DeletePost:confirmDelete');
insert into acl (aclID, resource) values ('60', 'org.rubia.forums.auth.ForumsACLResource:org.rubia.forums.ui.action.EditPost:start');
insert into acl (aclID, resource) values ('61', 'org.rubia.forums.auth.ForumsACLResource:org.rubia.forums.ui.action.EditPost:deletePoll');
insert into acl (aclID, resource) values ('62', 'org.rubia.forums.auth.ForumsACLResource:org.rubia.forums.ui.action.EditPost:execute');
insert into acl (aclID, resource) values ('63', 'org.rubia.forums.auth.ForumsACLResource:org.rubia.forums.ui.action.ForumWatchController:activateWatch');
insert into acl (aclID, resource) values ('64', 'org.rubia.forums.auth.ForumsACLResource:org.rubia.forums.ui.action.ForumWatchController:deActivateWatch');
insert into acl (aclID, resource) values ('65', 'org.rubia.forums.auth.ForumsACLResource:org.rubia.forums.ui.action.ModeratorAction:deleteTopic');
insert into acl (aclID, resource) values ('66', 'org.rubia.forums.auth.ForumsACLResource:org.rubia.forums.ui.action.ModeratorAction:moveTopic');
insert into acl (aclID, resource) values ('67', 'org.rubia.forums.auth.ForumsACLResource:org.rubia.forums.ui.action.ModeratorAction:lockTopic');
insert into acl (aclID, resource) values ('68', 'org.rubia.forums.auth.ForumsACLResource:org.rubia.forums.ui.action.ModeratorAction:unlockTopic');
insert into acl (aclID, resource) values ('69', 'org.rubia.forums.auth.ForumsACLResource:org.rubia.forums.ui.action.ModeratorAction:deleteConfirm');
insert into acl (aclID, resource) values ('70', 'org.rubia.forums.auth.ForumsACLResource:org.rubia.forums.ui.action.ModeratorAction:moveConfirm');
insert into acl (aclID, resource) values ('71', 'org.rubia.forums.auth.ForumsACLResource:org.rubia.forums.ui.action.NewTopic:start');
insert into acl (aclID, resource) values ('72', 'org.rubia.forums.auth.ForumsACLResource:org.rubia.forums.ui.action.NewTopic:execute');
insert into acl (aclID, resource) values ('73', 'org.rubia.forums.auth.ForumsACLResource:org.rubia.forums.ui.action.PollController:vote');
insert into acl (aclID, resource) values ('74', 'org.rubia.forums.auth.ForumsACLResource:org.rubia.forums.ui.action.PostAction:addOption');
insert into acl (aclID, resource) values ('75', 'org.rubia.forums.auth.ForumsACLResource:org.rubia.forums.ui.action.PostAction:setupPoll');
insert into acl (aclID, resource) values ('76', 'org.rubia.forums.auth.ForumsACLResource:org.rubia.forums.ui.action.PostAction:deleteOption');
insert into acl (aclID, resource) values ('77', 'org.rubia.forums.auth.ForumsACLResource:org.rubia.forums.ui.action.PostAction:updateOption');
insert into acl (aclID, resource) values ('78', 'org.rubia.forums.auth.ForumsACLResource:org.rubia.forums.ui.action.PostAction:addAttachment');
insert into acl (aclID, resource) values ('79', 'org.rubia.forums.auth.ForumsACLResource:org.rubia.forums.ui.action.PostAction:deleteAttachment');
insert into acl (aclID, resource) values ('80', 'org.rubia.forums.auth.ForumsACLResource:org.rubia.forums.ui.action.PostAction:updateAttachment');
insert into acl (aclID, resource) values ('81', 'org.rubia.forums.auth.ForumsACLResource:org.rubia.forums.ui.action.ReplyTopic:startQuote');
insert into acl (aclID, resource) values ('82', 'org.rubia.forums.auth.ForumsACLResource:org.rubia.forums.ui.action.ReplyTopic:startInstantReplyPreview');
insert into acl (aclID, resource) values ('83', 'org.rubia.forums.auth.ForumsACLResource:org.rubia.forums.ui.action.ReplyTopic:executeInstantReply');
insert into acl (aclID, resource) values ('84', 'org.rubia.forums.auth.ForumsACLResource:org.rubia.forums.ui.action.SplitTopic:splitAfter');
insert into acl (aclID, resource) values ('85', 'org.rubia.forums.auth.ForumsACLResource:org.rubia.forums.ui.action.SplitTopic:splitPosts');
insert into acl (aclID, resource) values ('86', 'org.rubia.forums.auth.ForumsACLResource:org.rubia.forums.ui.action.TopicWatchController:activateWatch');
insert into acl (aclID, resource) values ('87', 'org.rubia.forums.auth.ForumsACLResource:org.rubia.forums.ui.action.TopicWatchController:deActivateWatch');
insert into acl (aclID, resource) values ('88', 'org.rubia.forums.auth.ForumsACLResource:org.rubia.forums.ui.action.AdminController:activateWatch');
insert into acl (aclID, resource) values ('89', 'org.rubia.forums.auth.ForumsACLResource:org.rubia.forums.ui.action.AdminController:deActivateWatch');
insert into acl_resource (id, criteria) values ('acl://editPost', 'param[0].poster.userId.equals(identity.id)');
insert into acl_resource (id, criteria) values ('org.rubia.forums.ui.action.EditPost:execute', 'param[0].post.poster.userId.equals(identity.id)');
insert into acl_entry (entryID, bitMask, identityOrRole, acl_aclID) values ('1', '2', 'users', '11');
insert into acl_entry (entryID, bitMask, identityOrRole, acl_aclID) values ('2', '2', 'users', '12');
insert into acl_entry (entryID, bitMask, identityOrRole, acl_aclID) values ('3', '2', 'users', '16');
insert into acl_entry (entryID, bitMask, identityOrRole, acl_aclID) values ('5', '2', 'users', '13');
insert into acl_entry (entryID, bitMask, identityOrRole, acl_aclID) values ('6', '2', 'users', '14');
insert into acl_entry (entryID, bitMask, identityOrRole, acl_aclID) values ('7', '2', 'users', '15');
insert into acl_entry (entryID, bitMask, identityOrRole, acl_aclID) values ('8', '2', 'users', '19');
insert into acl_entry (entryID, bitMask, identityOrRole, acl_aclID) values ('9', '2', 'users', '26');
insert into acl_entry (entryID, bitMask, identityOrRole, acl_aclID) values ('10', '2', 'users', '27');
insert into acl_entry (entryID, bitMask, identityOrRole, acl_aclID) values ('11', '2', 'users', '28');
insert into acl_entry (entryID, bitMask, identityOrRole, acl_aclID) values ('12', '2', 'users', '29');
insert into acl_entry (entryID, bitMask, identityOrRole, acl_aclID) values ('13', '2', 'users', '30');
insert into acl_entry (entryID, bitMask, identityOrRole, acl_aclID) values ('14', '2', 'users', '31');
insert into acl_entry (entryID, bitMask, identityOrRole, acl_aclID) values ('15', '2', 'users', '32');
insert into acl_entry (entryID, bitMask, identityOrRole, acl_aclID) values ('16', '2', 'users', '33');
insert into acl_entry (entryID, bitMask, identityOrRole, acl_aclID) values ('17', '2', 'users', '34');
insert into acl_entry (entryID, bitMask, identityOrRole, acl_aclID) values ('18', '2', 'users', '35');
insert into acl_entry (entryID, bitMask, identityOrRole, acl_aclID) values ('19', '2', 'users', '36');
insert into acl_entry (entryID, bitMask, identityOrRole, acl_aclID) values ('20', '2', 'users', '37');
insert into acl_entry (entryID, bitMask, identityOrRole, acl_aclID) values ('21', '2', 'users', '38');
insert into acl_entry (entryID, bitMask, identityOrRole, acl_aclID) values ('22', '2', 'users', '39');
insert into acl_entry (entryID, bitMask, identityOrRole, acl_aclID) values ('23', '2', 'users', '40');
insert into acl_entry (entryID, bitMask, identityOrRole, acl_aclID) values ('24', '2', 'users', '41');
insert into acl_entry (entryID, bitMask, identityOrRole, acl_aclID) values ('25', '2', 'users', '42');
insert into acl_entry (entryID, bitMask, identityOrRole, acl_aclID) values ('26', '2', 'users', '43');
insert into acl_entry (entryID, bitMask, identityOrRole, acl_aclID) values ('27', '2', 'users', '44');
insert into acl_entry (entryID, bitMask, identityOrRole, acl_aclID) values ('28', '2', 'users', '45');
insert into acl_entry (entryID, bitMask, identityOrRole, acl_aclID) values ('29', '2', 'users', '46');
insert into acl_entry (entryID, bitMask, identityOrRole, acl_aclID) values ('30', '2', 'users', '47');
insert into acl_entry (entryID, bitMask, identityOrRole, acl_aclID) values ('31', '2', 'users', '48');
insert into acl_entry (entryID, bitMask, identityOrRole, acl_aclID) values ('32', '2', 'users', '49');
insert into acl_entry (entryID, bitMask, identityOrRole, acl_aclID) values ('33', '2', 'users', '50');
insert into acl_entry (entryID, bitMask, identityOrRole, acl_aclID) values ('34', '2', 'users', '51');
insert into acl_entry (entryID, bitMask, identityOrRole, acl_aclID) values ('35', '2', 'users', '52');
insert into acl_entry (entryID, bitMask, identityOrRole, acl_aclID) values ('36', '2', 'users', '53');
insert into acl_entry (entryID, bitMask, identityOrRole, acl_aclID) values ('37', '2', 'users', '54');
insert into acl_entry (entryID, bitMask, identityOrRole, acl_aclID) values ('38', '2', 'users', '55');
insert into acl_entry (entryID, bitMask, identityOrRole, acl_aclID) values ('39', '2', 'users', '56');
insert into acl_entry (entryID, bitMask, identityOrRole, acl_aclID) values ('40', '2', 'users', '57');
insert into acl_entry (entryID, bitMask, identityOrRole, acl_aclID) values ('41', '2', 'users', '58');
insert into acl_entry (entryID, bitMask, identityOrRole, acl_aclID) values ('42', '2', 'users', '60');
insert into acl_entry (entryID, bitMask, identityOrRole, acl_aclID) values ('43', '2', 'users', '62');
insert into acl_entry (entryID, bitMask, identityOrRole, acl_aclID) values ('44', '2', 'users', '63');
insert into acl_entry (entryID, bitMask, identityOrRole, acl_aclID) values ('45', '2', 'users', '64');
insert into acl_entry (entryID, bitMask, identityOrRole, acl_aclID) values ('46', '2', 'users', '71');
insert into acl_entry (entryID, bitMask, identityOrRole, acl_aclID) values ('47', '2', 'users', '72');
insert into acl_entry (entryID, bitMask, identityOrRole, acl_aclID) values ('48', '2', 'users', '73');
insert into acl_entry (entryID, bitMask, identityOrRole, acl_aclID) values ('49', '2', 'users', '81');
insert into acl_entry (entryID, bitMask, identityOrRole, acl_aclID) values ('50', '2', 'users', '82');
insert into acl_entry (entryID, bitMask, identityOrRole, acl_aclID) values ('51', '2', 'users', '83');
insert into acl_entry (entryID, bitMask, identityOrRole, acl_aclID) values ('52', '2', 'users', '86');
insert into acl_entry (entryID, bitMask, identityOrRole, acl_aclID) values ('53', '2', 'users', '87');
insert into acl_entry (entryID, bitMask, identityOrRole, acl_aclID) values ('54', '2', 'guests', '11');
insert into acl_entry (entryID, bitMask, identityOrRole, acl_aclID) values ('55', '2', 'guests', '12');
insert into acl_entry (entryID, bitMask, identityOrRole, acl_aclID) values ('56', '2', 'guests', '26');
insert into acl_entry (entryID, bitMask, identityOrRole, acl_aclID) values ('57', '2', 'guests', '27');
insert into acl_entry (entryID, bitMask, identityOrRole, acl_aclID) values ('58', '2', 'guests', '28');
insert into acl_entry (entryID, bitMask, identityOrRole, acl_aclID) values ('59', '2', 'guests', '29');
insert into acl_entry (entryID, bitMask, identityOrRole, acl_aclID) values ('60', '2', 'guests', '30');
insert into acl_entry (entryID, bitMask, identityOrRole, acl_aclID) values ('61', '2', 'guests', '31');
insert into acl_entry (entryID, bitMask, identityOrRole, acl_aclID) values ('62', '2', 'guests', '32');
insert into acl_entry (entryID, bitMask, identityOrRole, acl_aclID) values ('63', '2', 'guests', '33');
insert into acl_entry (entryID, bitMask, identityOrRole, acl_aclID) values ('64', '2', 'guests', '34');
insert into acl_entry (entryID, bitMask, identityOrRole, acl_aclID) values ('65', '2', 'guests', '35');
insert into acl_entry (entryID, bitMask, identityOrRole, acl_aclID) values ('66', '2', 'guests', '36');
insert into acl_entry (entryID, bitMask, identityOrRole, acl_aclID) values ('67', '2', 'guests', '37');
insert into acl_entry (entryID, bitMask, identityOrRole, acl_aclID) values ('68', '2', 'guests', '38');
insert into acl_entry (entryID, bitMask, identityOrRole, acl_aclID) values ('69', '2', 'guests', '39');
insert into acl_entry (entryID, bitMask, identityOrRole, acl_aclID) values ('70', '2', 'guests', '40');
insert into acl_entry (entryID, bitMask, identityOrRole, acl_aclID) values ('71', '2', 'guests', '53');
insert into acl_entry (entryID, bitMask, identityOrRole, acl_aclID) values ('72', '2', 'guests', '54');
insert into acl_entry (entryID, bitMask, identityOrRole, acl_aclID) values ('73', '2', 'guests', '55');
insert into acl_entry (entryID, bitMask, identityOrRole, acl_aclID) values ('74', '2', 'guests', '56');